[
    {
        "id":1,
        "nombre": "El gran mueble",
        "stock": 3,
        "precio":1500,
        "img": "./img/mueble1.png"


    },
    {
        "id":2,
        "nombre": "Este jugador es de madera!",
        "stock": 3,
        "precio": 2300,
        "img": "./img/mueble2.png"
   
    },
    {
        "id":3,
        "nombre": "Pensa en la heladera, el mueble ya lo tenes",
        "stock": 20,
        "precio": 1000,
        "img": "./img/mueble3.png"
    },
    {
        "id":4,
        "nombre": "Mueble 2.0 Pro",
        "stock": 1,
        "precio": 5000,
        "img": "./img/mueble4.png"
    }

]